AI,AI Approaches and Technologies
AI knowledge representation and reasoning,AI Approaches and Technologies
Accessibility and technology,Equity and Social Justice
Adaptive/Personalized learning and intelligent tutors,AI Approaches and Technologies
Anthropology,Other Domains
Augmented/virtual/mixed reality,Learning Environments and Platforms
Autonomous technology,Other Domains
Behavior analysis,Analytics
Bias and equity in AI,AI Approaches and Technologies
Biometrics (e.g. eye-tracking EEG),"Instruments, Assessment, and Measures"
Brain function,Other Domains
Broadening participation of historically marginalized groups,Equity and Social Justice
Chemistry,Other Domains
Cognitive psychology / Cognitive science,Learning Processes and Theories
Collaborative and/or participatory learning,Learning Processes and Theories
Community partnerships,Equity and Social Justice
Computational thinking,Disciplinary Areas
Computer science education,Disciplinary Areas
Computer vision,Analytics
Computer vision technologies,AI Approaches and Technologies
Computing technology,Other Domains
Content security,Other Domains
Creativity,Learning Processes and Theories
Critical theory and identity,Equity and Social Justice
Crowdsourcing,Research Methods
Cultural competence/responsiveness,Equity and Social Justice
Culturally responsive,Equity and Social Justice
Cyber-enhanced/Computer-assisted assessments,"Instruments, Assessment, and Measures"
Data mining,Analytics
Data science education,Disciplinary Areas
Data visualization representations and dashboards,Analytics
Design Research,Research Methods
Design-based research (DBR),Research Methods
ELA education,Disciplinary Areas
Educator professional learning,Capacity Building
Embodied learning and cognition,Learning Processes and Theories
Energy,Other Domains
Engineering education,Disciplinary Areas
Enthnographic methods,Other Domains
Environmental Science,Other Domains
Ethical AI,AI Approaches and Technologies
Ethics,Equity and Social Justice
Evaluation,Capacity Building
Experimental Design,Research Methods
Formal classroom settings,Learning Environments and Platforms
Formative assessment,"Instruments, Assessment, and Measures"
Games and game making,Learning Environments and Platforms
Graphics,Analytics
HCI,Research Methods
Health,Other Domains
Human-AI Interaction,Research Methods
Identity,Learning Processes and Theories
Inclusive/universal design,Equity and Social Justice
Informal settings,Learning Environments and Platforms
Inquiry learning (e.g. project/problem based learning),Pedagogical Approaches and Processes
Instructional Design,Capacity Building
Interactive Displays,Learning Environments and Platforms
Learning Analytics,Analytics
Learning Engineering,Research Methods
Literacy (e.g. reading/reading comprehension writing language learning),Disciplinary Areas
MOOCs,Learning Environments and Platforms
Machine learning,AI Approaches and Technologies
Manufacturing,Other Domains
Material science,Other Domains
Math education,Disciplinary Areas
Mathematical sciences,Other Domains
Mathematics,Other Domains
Media use,Learning Processes and Theories
Medicine,Other Domains
Mental health,Equity and Social Justice
Mineral processing,Other Domains
Mixed Methods,Research Methods
Mobile learning,Learning Environments and Platforms
Modeling and simulation (including agent-based modeling),AI Approaches and Technologies
Modeling and simulation (including agent-based simulation),AI Approaches and Technologies
Multimodal communication,Learning Processes and Theories
Multimodal data analysis,Analytics
Nanotechnology,Other Domains,change simulation in parathesis to modeling
Narrative and simulated environments,Learning Environments and Platforms
Natural language processing and speech technologies,AI Approaches and Technologies
Neuroscience,Learning Processes and Theories
Neuroscience and analytics,Other Domains
Online learning,Learning Environments and Platforms
Pedagogical agents,AI Approaches and Technologies
Pedagogy,Capacity Building
Philosophy,Other Domains
Physcial Sciences,Other Domains
Physics,Other Domains
Physiological sciences,Other Domains
Policy,Capacity Building
Programming,Other Domains
Qualitative Methods,Research Methods
Quantitative Methods,Research Methods
Research Partnerships,Capacity Building
Robotics Education,Disciplinary Areas
Robots,AI Approaches and Technologies
Scenario-based design,Research Methods
Science education,Disciplinary Areas
Self-regulation reflection and metacognition,Learning Processes and Theories
Smart & connected communities for learning,Learning Environments and Platforms
Social emotional learning,Learning Processes and Theories
Social sciences education,Disciplinary Areas
Social welfare development and responsibility,Equity and Social Justice
Software engineering,Other Domains
Spoken language,Other Domains
Survey measures,Research Methods
Virtual and remote laboratories / field trips,Learning Environments and Platforms
Wearable / physiological technology,Learning Environments and Platforms
Workforce development,Capacity Building